chunk_id,embedding_dist_from_centroid,embedding_dist_from_nearest_neighbor,text_length_chars,text_length_words,avg_word_length,char_entropy,digit_ratio,punctuation_ratio,source_is_official,source_age_days,retrieval_score_mean,retrieval_score_max,retrieval_score_zscore,retrieval_appearance_count,is_poisoned
CVE-1999-0095::chunk0,0.8146265965757014,0.5151351459844845,104,15,6.0,4.549663128201173,0.07692307692307693,0.04807692307692308,1,0.0,0.0,0.0,0.0,0,0
CVE-1999-0082::chunk0,0.8528906689938675,0.786445426419084,60,9,5.777777777777778,4.585487053689447,0.13333333333333333,0.08333333333333333,1,0.0,0.0,0.0,0.0,0,0
CVE-1999-1471::chunk0,0.7523966755077112,0.7292278947689805,173,28,5.214285714285714,4.608336296749143,0.057803468208092484,0.028901734104046242,1,0.0,0.0,0.0,0.0,0,0
CVE-1999-1122::chunk0,0.7246150202585527,0.6732436618750366,105,15,6.066666666666666,4.529882838074525,0.10476190476190476,0.05714285714285714,1,0.0,0.431187135,0.43257797,-0.31145281801018193,2,0
CVE-1999-1467::chunk0,0.7206350318911778,0.7216847316705137,190,28,5.821428571428571,4.568107281625805,0.05263157894736842,0.03684210526315789,1,0.0,0.44249740000000004,0.44249740000000004,0.024823121825977835,1,0
CVE-1999-1506::chunk0,0.7806976064376517,0.6551160956972887,127,20,5.4,4.686208500193552,0.10236220472440945,0.07086614173228346,1,0.0,0.4529425,0.4529425,0.3789196595486741,1,0
CVE-1999-0084::chunk0,0.9076814158182672,0.9165973948496392,139,24,4.833333333333333,4.6029516823358145,0.06474820143884892,0.02877697841726619,1,0.0,0.0,0.0,0.0,0,0
CVE-2000-0388::chunk0,0.8396248977825685,0.7863810569983629,142,19,6.526315789473684,4.734550216539161,0.056338028169014086,0.028169014084507043,1,0.0,0.0,0.0,0.0,0,0
CVE-1999-0209::chunk0,0.8390197599291949,0.8797986195143406,95,12,7.0,4.647348395001449,0.08421052631578947,0.07368421052631578,1,0.0,0.0,0.0,0.0,0,0
CVE-1999-1198::chunk0,0.8162683869201588,0.866252361178896,154,24,5.458333333333333,4.604751187172852,0.06493506493506493,0.03896103896103896,1,0.0,0.0,0.0,0.0,0,0
CVE-1999-1391::chunk0,0.7576094728321879,0.8648163302396068,190,28,5.821428571428571,4.571309936426465,0.06315789473684211,0.031578947368421054,1,0.0,0.0,0.0,0.0,0,0
CVE-1999-1392::chunk0,0.7492496593653242,0.6732436618750366,127,18,6.111111111111111,4.488614537432561,0.11023622047244094,0.05511811023622047,1,0.0,0.4440073,0.4440073,0.07600983734880512,1,0
CVE-1999-1057::chunk0,0.7680064502724003,0.7687631651940067,114,16,6.1875,5.147570694806851,0.10526315789473684,0.07017543859649122,1,0.0,0.0,0.0,0.0,0,0
CVE-1999-1554::chunk0,0.9181707229363673,0.9767869662146007,194,36,4.416666666666667,4.616183768915995,0.06701030927835051,0.05670103092783505,1,0.0,0.0,0.0,0.0,0,0
CVE-1999-1197::chunk0,0.8516890533707052,0.898809685645547,187,31,5.064516129032258,4.591071484070184,0.058823529411764705,0.0374331550802139,1,0.0,0.0,0.0,0.0,0,0
CVE-1999-1115::chunk0,0.8046980098691611,0.8612652900522156,138,20,5.95,4.909591253170923,0.10144927536231885,0.09420289855072464,1,0.0,0.0,0.0,0.0,0,0
CVE-1999-1258::chunk0,0.7695447741595378,0.7749973291006262,179,25,6.2,4.545357721411185,0.061452513966480445,0.0446927374301676,1,0.0,0.43305340000000003,0.43305340000000003,-0.29533539290850547,1,0
CVE-1999-1438::chunk0,0.7074379314393725,0.6551160956972887,147,21,6.0476190476190474,4.518386727371665,0.07482993197278912,0.05442176870748299,1,0.0,0.4225875,0.4225875,-0.6501370658606057,1,0
CVE-1999-1211::chunk0,0.6940240173256961,0.7535361792170846,113,16,6.125,4.440352502890668,0.09734513274336283,0.061946902654867256,1,0.0,0.4225567,0.4225567,-0.6511812084118362,1,0
CVE-1999-1212::chunk0,0.7419457417561979,0.7295005695974242,112,16,6.0625,4.600694632633913,0.125,0.08035714285714286,1,0.0,0.47705275,0.47705275,1.1962747876593338,1,0
CVE-1999-1194::chunk0,0.8054653822147112,0.8409800341392805,121,18,5.777777777777778,4.5313504816994055,0.09917355371900827,0.05785123966942149,1,0.0,0.0,0.0,0.0,0,0
CVE-1999-1193::chunk0,0.8659672053790094,0.9468335452408857,157,28,4.642857142857143,4.506665031457609,0.06369426751592357,0.050955414012738856,1,0.0,0.0,0.0,0.0,0,0
CVE-1999-1123::chunk0,0.8161832190055406,0.7855606989792232,161,24,5.75,4.501308520366773,0.062111801242236024,0.062111801242236024,1,0.0,0.0,0.0,0.0,0,0
CVE-1999-1034::chunk0,0.7720242758750416,0.684110836182403,103,16,5.5,4.573527930958689,0.08737864077669903,0.04854368932038835,1,0.0,0.41490554999999996,0.41490554999999996,-0.9105607954523653,1,0
CVE-1999-1415::chunk0,0.7746656010372801,0.8301488906228905,109,15,6.333333333333333,4.790614890513818,0.09174311926605505,0.07339449541284404,1,0.0,0.0,0.0,0.0,0,0
CVE-1999-1090::chunk0,0.8179368217602484,0.8899405597366268,214,33,5.515151515151516,4.675954558164594,0.037383177570093455,0.04205607476635514,1,0.0,0.0,0.0,0.0,0,0
CVE-1999-0498::chunk0,0.8587737818717875,0.9638066407217808,144,21,5.904761904761905,4.492201776073483,0.05555555555555555,0.034722222222222224,1,0.0,0.0,0.0,0.0,0,0
CVE-1999-1468::chunk0,0.8342565280337911,0.6990822303267133,183,27,5.814814814814815,4.714765340844127,0.04371584699453552,0.03825136612021858,1,0.0,0.0,0.0,0.0,0,0
CVE-1999-0167::chunk0,0.8429141802454048,0.8401819096525769,115,17,5.823529411764706,4.765067774003314,0.06956521739130435,0.05217391304347826,1,0.0,0.0,0.0,0.0,0,0
CVE-1999-1493::chunk0,0.7788708206757687,0.8612652900522156,206,29,6.137931034482759,4.947809719569619,0.07281553398058252,0.08737864077669903,1,0.0,0.0,0.0,0.0,0,0
CVE-1999-1032::chunk0,0.7998059261272691,0.8442174041604957,126,17,6.470588235294118,4.7139186321484345,0.09523809523809523,0.07142857142857142,1,0.0,0.0,0.0,0.0,0,0
CVE-1999-1059::chunk0,0.7649411774291798,0.7732844035081735,152,21,6.285714285714286,4.8106651809116086,0.07236842105263158,0.05921052631578947,1,0.0,0.0,0.0,0.0,0,0
CVE-1999-0627::chunk0,0.7412026681299628,0.7732844035081735,122,18,5.833333333333333,4.494839489365745,0.06557377049180328,0.040983606557377046,1,0.0,0.0,0.0,0.0,0,0
CVE-1999-1121::chunk0,0.8333192239117321,0.6499985950937157,111,17,5.588235294117647,4.6630245378699975,0.09009009009009009,0.04504504504504504,1,0.0,0.0,0.0,0.0,0,0
CVE-1999-0117::chunk0,0.780242534260848,0.6499985950937157,65,10,5.6,4.427525460370792,0.12307692307692308,0.06153846153846154,1,0.0,0.0,0.0,0.0,0,0
CVE-1999-1119::chunk0,0.8669148146701854,0.8837558850987457,152,19,7.052631578947368,4.683512017854456,0.05263157894736842,0.039473684210526314,1,0.0,0.0,0.0,0.0,0,0
CVE-1999-1142::chunk0,0.7889102941572228,0.8300939847730924,273,44,5.2272727272727275,4.626093119586488,0.05128205128205128,0.0695970695970696,1,0.0,0.0,0.0,0.0,0,0
CVE-1999-0168::chunk0,0.9378801845638969,1.0543900197195444,323,48,5.75,4.485991440770165,0.02476780185758514,0.02476780185758514,1,0.0,0.0,0.0,0.0,0,0
CVE-1999-0214::chunk0,0.9040783259121206,0.7136598718629145,76,10,6.7,4.79656221707782,0.10526315789473684,0.05263157894736842,1,0.0,0.0,0.0,0.0,0,0
CVE-1999-1396::chunk0,0.7661308552717045,0.799032670790935,197,29,5.827586206896552,4.621358996164454,0.06598984771573604,0.04568527918781726,1,0.0,0.0,0.0,0.0,0,0
CVE-1999-1395::chunk0,0.7374704024264567,0.7687631651940067,134,17,6.9411764705882355,4.976630705984773,0.09701492537313433,0.08955223880597014,1,0.0,0.4374567,0.44086119999999995,-0.030645256171543254,2,0
CVE-1999-1306::chunk0,0.9521805339244785,0.7198647759654032,210,34,5.205882352941177,4.506584711112629,0.047619047619047616,0.0380952380952381,1,0.0,0.0,0.0,0.0,0,0
CVE-1999-1466::chunk0,0.7911103364598421,0.7181360667672283,270,41,5.609756097560975,4.44352538251134,0.044444444444444446,0.037037037037037035,1,0.0,0.42493703,0.43449956,-0.24630951005500995,2,0
CVE-1999-1021::chunk0,0.8529316506583956,0.8401819096525769,215,44,3.909090909090909,4.671758409308473,0.09302325581395349,0.04186046511627907,1,0.0,0.0,0.0,0.0,0,0
CVE-1999-1056::chunk0,0.9108150611273023,0.20388175858169832,323,44,6.363636363636363,4.840734895198259,0.09907120743034056,0.05263157894736842,1,0.0,0.52185857,0.52185857,2.715224891710646,1,0
CVE-1999-0312::chunk0,0.8363797003223812,0.8907740061476318,82,12,5.916666666666667,4.809725550403102,0.0975609756097561,0.04878048780487805,1,0.0,0.0,0.0,0.0,0,0
CVE-1999-1507::chunk0,0.7010304501756052,0.7001314458908099,150,23,5.565217391304348,4.536471135031615,0.08666666666666667,0.04666666666666667,1,0.0,0.0,0.0,0.0,0,0
CVE-1999-1218::chunk0,0.831663072086806,0.884378438426938,125,18,6.0,4.586995419049567,0.088,0.04,1,0.0,0.0,0.0,0.0,0,0
CVE-1999-1312::chunk0,0.7521441633690258,0.82999401856014,133,20,5.7,4.9327897840796116,0.11278195488721804,0.07518796992481203,1,0.0,0.44266740000000004,0.44266740000000004,0.03058624629705611,1,0
CVE-1999-1216::chunk0,0.8879333417119377,0.7181360667672283,208,30,5.966666666666667,4.47273415090372,0.052884615384615384,0.038461538461538464,1,0.0,0.0,0.0,0.0,0,0
CVE-1999-1162::chunk0,0.7547666925805985,0.5714013950428832,172,29,4.9655172413793105,4.625706885806706,0.05813953488372093,0.029069767441860465,1,0.0,0.443234295,0.45288783,0.3770663065202386,2,0
CVE-1999-0124::chunk0,0.7959443137346508,0.9324777644224689,158,26,5.115384615384615,4.613855496323536,0.08227848101265822,0.04430379746835443,1,0.0,0.0,0.0,0.0,0,0
CVE-1999-1215::chunk0,0.7687360501712726,0.8734044429884847,176,26,5.8076923076923075,4.7427532067582545,0.07386363636363637,0.045454545454545456,1,0.0,0.0,0.0,0.0,0,0
CVE-1999-1138::chunk0,0.8132787683075138,0.8632638011468687,267,44,5.090909090909091,4.691695479050042,0.056179775280898875,0.07865168539325842,1,0.0,0.0,0.0,0.0,0,0
CVE-1999-1318::chunk0,0.7257005738169471,0.7001314458908099,193,29,5.689655172413793,4.676699680125849,0.06217616580310881,0.06735751295336788,1,0.0,0.0,0.0,0.0,0,0
CVE-1999-0145::chunk0,0.8330693784220982,0.6680890886843961,66,8,7.375,4.676505105154001,0.12121212121212122,0.07575757575757576,1,0.0,0.0,0.0,0.0,0,0
CVE-1999-1137::chunk0,0.8316317650798721,0.8155573103284013,255,42,5.095238095238095,4.551998594823754,0.047058823529411764,0.047058823529411764,1,0.0,0.0,0.0,0.0,0,0
CVE-1999-0334::chunk0,0.8378365938890779,0.8204172140630045,133,23,4.826086956521739,4.507777284561375,0.09022556390977443,0.06015037593984962,1,0.0,0.0,0.0,0.0,0,0
CVE-1999-0181::chunk0,0.8489289637836256,0.9094006810960548,124,19,5.578947368421052,4.480231751347409,0.06451612903225806,0.04838709677419355,1,0.0,0.0,0.0,0.0,0,0
CVE-1999-1242::chunk0,0.7828711892309683,0.7284226210153929,105,15,6.066666666666666,4.673019686899414,0.12380952380952381,0.06666666666666667,1,0.0,0.0,0.0,0.0,0,0
CVE-1999-0211::chunk0,0.9166334970794201,0.8330769519293327,128,20,5.45,4.597910704019512,0.0859375,0.03125,1,0.0,0.0,0.0,0.0,0,0
CVE-1999-0338::chunk0,0.7493980224743637,0.6538258929408152,100,14,6.214285714285714,4.562506217422899,0.08,0.04,1,0.0,0.0,0.0,0.0,0,0
CVE-1999-0120::chunk0,0.7576296244916649,0.6736183723654151,119,20,5.0,4.4229719808724814,0.06722689075630252,0.04201680672268908,1,0.0,0.0,0.0,0.0,0,0
CVE-1999-1135::chunk0,0.7698725346878951,0.09088355927728549,130,21,5.238095238095238,4.856311980137229,0.14615384615384616,0.06923076923076923,1,0.0,0.41340005,0.41340005,-0.9615983477535877,1,0
CVE-1999-1146::chunk0,0.8454827303765209,0.3230677626616787,161,24,5.75,4.5628174396217895,0.055900621118012424,0.037267080745341616,1,0.0,0.0,0.0,0.0,0,0
CVE-1999-1388::chunk0,0.7606077065559436,0.7286794179665733,139,22,5.363636363636363,4.6695356945970685,0.07194244604316546,0.050359712230215826,1,0.0,0.0,0.0,0.0,0,0
CVE-1999-1134::chunk0,0.7680002950949766,0.09088355927728549,142,22,5.5,4.9012436210092165,0.1619718309859155,0.08450704225352113,1,0.0,0.42439269999999996,0.42439269999999996,-0.588939464124194,1,0
CVE-1999-0113::chunk0,0.8338286414704673,0.7826292935145998,92,13,6.153846153846154,4.400589201551658,0.08695652173913043,0.05434782608695652,1,0.0,0.0,0.0,0.0,0,0
CVE-1999-0423::chunk0,0.7753774399540401,0.6927058508035973,103,14,6.428571428571429,4.737868728445724,0.11650485436893204,0.05825242718446602,1,0.0,0.0,0.0,0.0,0,0
CVE-1999-0337::chunk0,0.8729630473294595,0.9618143143330697,130,19,5.894736842105263,4.657504945445581,0.06153846153846154,0.046153846153846156,1,0.0,0.0,0.0,0.0,0,0
CVE-1999-0207::chunk0,0.7911621187396425,0.8520015860700374,117,16,6.375,4.695945255102264,0.06837606837606838,0.05982905982905983,1,0.0,0.43386835,0.43386835,-0.26770799121612293,1,0
CVE-1999-1239::chunk0,0.9639940377531032,0.874152255091213,212,34,5.264705882352941,4.505221464417727,0.04245283018867924,0.0330188679245283,1,0.0,0.0,0.0,0.0,0,0
CVE-1999-1552::chunk0,0.838800849599738,0.8843042770460106,198,30,5.633333333333334,4.751274885377572,0.05555555555555555,0.045454545454545456,1,0.0,0.0,0.0,0.0,0,0
CVE-1999-1494::chunk0,0.863320792721962,0.8854313595494642,138,21,5.619047619047619,4.7866080140632805,0.10144927536231885,0.07246376811594203,1,0.0,0.0,0.0,0.0,0,0
CVE-1999-1219::chunk0,0.7379112574287165,0.7731103485307521,185,29,5.413793103448276,4.575866468842514,0.05405405405405406,0.032432432432432434,1,0.0,0.0,0.0,0.0,0,0
CVE-1999-1238::chunk0,0.6984960295749938,0.6927058508035973,136,20,5.85,4.781075410748892,0.08088235294117647,0.051470588235294115,1,0.0,0.4699030966666667,0.49942620000000004,1.954751124114885,3,0
CVE-1999-1022::chunk0,0.7440648406416599,0.7891972513961355,232,36,5.472222222222222,4.639385957532172,0.04310344827586207,0.03879310344827586,1,0.0,0.0,0.0,0.0,0,0
CVE-1999-1310::chunk0,0.9193619482789174,0.1905076365789272,323,44,6.363636363636363,4.841662438264295,0.09907120743034056,0.05263157894736842,1,0.0,0.49615339999999997,0.49615339999999997,1.843800807826973,1,0
CVE-1999-1248::chunk0,0.8110182480596263,0.7666631833431664,128,18,6.166666666666667,4.830471073198072,0.09375,0.0703125,1,0.0,0.42435179999999995,0.42435179999999995,-0.5903260040704713,1,0
CVE-1999-1302::chunk0,0.7376432703847028,0.6793428204107713,120,18,5.722222222222222,4.776059740353128,0.08333333333333333,0.05,1,0.0,0.41532349999999996,0.41532349999999996,-0.8963919844365588,1,0
CVE-1999-1303::chunk0,0.6813597627352344,0.548533819340892,106,17,5.294117647058823,4.620221371098471,0.09433962264150944,0.04716981132075472,1,0.0,0.44425064000000003,0.44425064000000003,0.08425924151817199,1,0
CVE-1999-1304::chunk0,0.7206187885258396,0.5133560708533241,105,17,5.235294117647059,4.586473109596969,0.09523809523809523,0.047619047619047616,1,0.0,0.43992284,0.44281733,0.035668983073224025,2,0
CVE-1999-1305::chunk0,0.703811457245296,0.5133560708533241,112,18,5.277777777777778,4.694163773313548,0.08928571428571429,0.0625,1,0.0,0.0,0.0,0.0,0,0
CVE-2000-0508::chunk0,0.8285519697868861,0.8346211511426492,131,22,5.0,4.575078693504602,0.0916030534351145,0.05343511450381679,1,0.0,0.0,0.0,0.0,0,0
CVE-1999-0077::chunk0,0.8779461271188023,0.9244731541312973,63,7,8.142857142857142,4.758327740651167,0.12698412698412698,0.06349206349206349,1,0.0,0.0,0.0,0.0,0,0
CVE-1999-0232::chunk0,0.8240266331746284,0.12148737123289399,84,11,6.7272727272727275,4.737937816698664,0.11904761904761904,0.08333333333333333,1,0.0,0.0,0.0,0.0,0,0
CVE-1999-0235::chunk0,0.8380587614001083,0.12148737123289399,87,12,6.333333333333333,4.840506780431469,0.12643678160919541,0.09195402298850575,1,0.0,0.0,0.0,0.0,0,0
CVE-1999-0242::chunk0,0.8411637880572842,0.8760103295175149,117,18,5.555555555555555,4.61958531275482,0.07692307692307693,0.03418803418803419,1,0.0,0.0,0.0,0.0,0,0
CVE-1999-1098::chunk0,0.8110856250573094,0.7919712105947302,156,21,6.476190476190476,4.5631762984842466,0.057692307692307696,0.02564102564102564,1,0.0,0.46150315,0.46150315,0.6691319625094678,1,0
CVE-1999-1243::chunk0,0.8308845718517419,0.8275369881517217,151,22,5.909090909090909,4.685097353032443,0.0728476821192053,0.039735099337748346,1,0.0,0.0,0.0,0.0,0,0
CVE-1999-0151::chunk0,0.8659456023923834,1.0137488938447652,135,22,5.181818181818182,4.520790012085973,0.05925925925925926,0.037037037037037035,1,0.0,0.0,0.0,0.0,0,0
CVE-1999-1080::chunk0,0.8804647856257425,0.8949797457848812,398,65,5.138461538461539,4.501981466082592,0.02512562814070352,0.02512562814070352,1,0.0,0.0,0.0,0.0,0,0
CVE-1999-0066::chunk0,0.8474385427463635,0.7811657469073474,44,5,8.0,4.516027641266231,0.18181818181818182,0.09090909090909091,1,0.0,0.0,0.0,0.0,0,0
CVE-1999-0161::chunk0,0.9400358667555253,0.7198647759654032,130,20,5.55,4.686401654379808,0.08461538461538462,0.06153846153846154,1,0.0,0.0,0.0,0.0,0,0
CVE-1999-0172::chunk0,0.8830478712322977,0.5275849574197892,72,9,7.111111111111111,4.714773613481659,0.1111111111111111,0.05555555555555555,1,0.0,0.0,0.0,0.0,0,0
CVE-1999-0203::chunk0,0.8300783708770717,0.6364091189058366,200,33,5.090909090909091,4.6031196846994495,0.04,0.045,1,0.0,0.0,0.0,0.0,0,0
CVE-1999-1580::chunk0,0.813194173084618,0.6990822303267133,249,38,5.578947368421052,4.675162005712691,0.05622489959839357,0.040160642570281124,1,0.0,0.0,0.0,0.0,0,0
CVE-1999-0164::chunk0,0.769429024310804,0.8579387146950082,105,16,5.625,4.443675790933245,0.0761904761904762,0.0380952380952381,1,0.0,0.0,0.0,0.0,0,0
CVE-1999-0155::chunk0,0.797018023347515,0.8520015860700374,107,14,6.714285714285714,4.64527180700455,0.07476635514018691,0.04672897196261682,1,0.0,0.0,0.0,0.0,0,0
CVE-1999-0245::chunk0,0.8406958516217261,0.8865472632101935,96,16,5.0625,4.737852128123563,0.08333333333333333,0.08333333333333333,1,0.0,0.0,0.0,0.0,0,0
CVE-1999-0218::chunk0,0.9317709308212494,1.0460433479852804,89,12,6.5,4.561683597556199,0.0898876404494382,0.0449438202247191,1,0.0,0.0,0.0,0.0,0,0
CVE-1999-0073::chunk0,0.785103969407774,0.8477295400167777,185,25,6.44,4.750652657699192,0.043243243243243246,0.03783783783783784,1,0.0,0.0,0.0,0.0,0,0
CVE-1999-0099::chunk0,0.7133084655956518,0.791565228531907,106,15,6.133333333333334,4.413532014441935,0.07547169811320754,0.03773584905660377,1,0.0,0.0,0.0,0.0,0,0
CVE-1999-0241::chunk0,0.8689978954129836,0.9779029966276419,116,16,6.3125,4.6405805070747626,0.06896551724137931,0.0603448275862069,1,0.0,0.0,0.0,0.0,0,0
CVE-1999-0080::chunk0,0.8593994437286041,0.8947960563610473,234,35,5.714285714285714,4.741008769423573,0.042735042735042736,0.05555555555555555,1,0.0,0.0,0.0,0.0,0,0
CVE-1999-0123::chunk0,0.8301442836466035,0.9047672259452946,91,14,5.571428571428571,4.477594911767161,0.08791208791208792,0.04395604395604396,1,0.0,0.0,0.0,0.0,0,0
CVE-1999-0316::chunk0,0.7909509738094265,0.802074356715964,89,13,5.923076923076923,4.629443824732671,0.0898876404494382,0.0449438202247191,1,0.0,0.0,0.0,0.0,0,0
CVE-1999-0325::chunk0,0.85935187706067,0.5770680560356068,99,14,6.142857142857143,4.762790768895407,0.08080808080808081,0.0707070707070707,1,0.0,0.0,0.0,0.0,0,0
CVE-1999-0208::chunk0,0.8136812942641636,0.8640591726893019,85,10,7.6,4.745400460448697,0.09411764705882353,0.08235294117647059,1,0.0,0.0,0.0,0.0,0,0
CVE-1999-1186::chunk0,0.7639808651256342,0.9104770762980569,265,38,6.0,4.783519539504106,0.045283018867924525,0.04150943396226415,1,0.0,0.0,0.0,0.0,0,0
CVE-1999-1319::chunk0,0.7355742222284286,0.7349377357696316,156,22,6.136363636363637,4.669611254320968,0.07692307692307693,0.038461538461538464,1,0.0,0.5087060299999999,0.5087060299999999,2.2693441556469116,1,0
CVE-1999-1491::chunk0,0.7943289548017648,0.9104770762980569,211,34,5.235294117647059,4.50613270948933,0.04739336492890995,0.03317535545023697,1,0.0,0.41832210000000003,0.41832210000000003,-0.7947372489131741,1,0
CVE-1999-0103::chunk0,0.8877247612685846,0.9951636187285369,151,26,4.846153846153846,4.58100964670051,0.052980132450331126,0.06622516556291391,1,0.0,0.0,0.0,0.0,0,0
CVE-1999-0143::chunk0,0.9335121212021174,0.7891746170517668,116,18,5.5,4.397020683241318,0.07758620689655173,0.034482758620689655,1,0.0,0.0,0.0,0.0,0,0
CVE-1999-0233::chunk0,0.8950461570805598,0.9384293784099638,91,14,5.571428571428571,4.672918400897022,0.10989010989010989,0.07692307692307693,1,0.0,0.0,0.0,0.0,0,0
CVE-1999-0142::chunk0,0.9646782601035337,0.8528182960371032,165,24,5.916666666666667,4.643008417205774,0.07272727272727272,0.04242424242424243,1,0.0,0.0,0.0,0.0,0,0
CVE-1999-0067::chunk0,0.8925035238051253,0.5314480956622396,92,11,7.454545454545454,4.63509688166685,0.08695652173913043,0.043478260869565216,1,0.0,0.0,0.0,0.0,0,0
CVE-1999-0141::chunk0,0.8138130240234438,0.8528182960371032,119,17,6.0588235294117645,4.533414511811845,0.06722689075630252,0.03361344537815126,1,0.0,0.47143495,0.47143495,1.0058272544027285,1,0
CVE-1999-0070::chunk0,0.7825004108183895,0.6474067774132213,79,12,5.666666666666667,4.416901271016283,0.10126582278481013,0.06329113924050633,1,0.0,0.43610256999999997,0.43610256999999997,-0.1919662973586407,1,0
CVE-1999-1103::chunk0,0.8281114418128142,0.9105657769529101,146,23,5.391304347826087,4.640208702742942,0.07534246575342465,0.04794520547945205,1,0.0,0.0,0.0,0.0,0,0
CVE-1999-0078::chunk0,0.8427098257008461,0.9411706469597515,150,21,6.190476190476191,4.701957406015325,0.05333333333333334,0.05333333333333334,1,0.0,0.0,0.0,0.0,0,0
CVE-1999-0019::chunk0,0.8296594306947629,0.9811732536061659,81,12,5.833333333333333,4.407760869811974,0.09876543209876543,0.07407407407407407,1,0.0,0.44179295,0.46560120000000005,0.8080588580312459,2,0
CVE-1999-1314::chunk0,0.8056897488520207,0.9345723413172278,225,34,5.647058823529412,4.517088774273996,0.044444444444444446,0.044444444444444446,1,0.0,0.0,0.0,0.0,0,0
CVE-1999-1313::chunk0,0.8539453221662007,0.9747725169489806,132,21,5.333333333333333,4.548046763821633,0.07575757575757576,0.05303030303030303,1,0.0,0.0,0.0,0.0,0,0
CVE-1999-0522::chunk0,0.8444715390889035,0.8865472632101935,96,12,7.083333333333333,4.744786025096526,0.08333333333333333,0.10416666666666667,1,0.0,0.0,0.0,0.0,0,0
CVE-1999-0509::chunk0,0.8603746491472186,0.8513880148692041,172,26,5.653846153846154,4.437522244786996,0.046511627906976744,0.05232558139534884,1,0.0,0.0,0.0,0.0,0,0
CVE-1999-1205::chunk0,0.8345144114028871,0.8533037222290974,187,27,5.962962962962963,4.592826841117377,0.0855614973262032,0.0427807486631016,1,0.0,0.0,0.0,0.0,0,0
CVE-1999-1253::chunk0,0.7382971999747601,0.7029153612977868,176,26,5.8076923076923075,4.556159964613545,0.07386363636363637,0.05113636363636364,1,0.0,0.4282753333333333,0.4515376,0.33129252090503913,3,0
CVE-1999-0138::chunk0,0.8430850515013202,0.9355400710746904,145,23,5.3478260869565215,4.5797466462656296,0.05517241379310345,0.034482758620689655,1,0.0,0.0,0.0,0.0,0,0
CVE-1999-0175::chunk0,0.8014375275910687,0.9402797636850222,169,28,5.071428571428571,4.37589838070321,0.047337278106508875,0.029585798816568046,1,0.0,0.4243108,0.4243108,-0.5917159340899651,1,0
CVE-1999-0022::chunk0,0.76892950293108,0.36024701664137704,100,14,6.214285714285714,4.637345651976539,0.08,0.07,1,0.0,0.0,0.0,0.0,0,0
CVE-1999-0137::chunk0,0.7256634624806666,0.7896987263632514,114,19,5.052631578947368,4.615815535787426,0.07017543859649122,0.03508771929824561,1,0.0,0.0,0.0,0.0,0,0
CVE-1999-1301::chunk0,0.8503978242063521,0.9754311821204097,226,38,4.973684210526316,4.588617891837978,0.048672566371681415,0.03982300884955752,1,0.0,0.0,0.0,0.0,0,0
CVE-1999-1572::chunk0,0.9080622990476156,0.9590827198018059,266,44,5.068181818181818,4.778206065990979,0.06766917293233082,0.06015037593984962,1,0.0,0.0,0.0,0.0,0,0
CVE-1999-0023::chunk0,0.7642113883747732,0.36024701664137704,100,14,6.214285714285714,4.656507121585475,0.08,0.07,1,0.0,0.0,0.0,0.0,0,0
CVE-1999-0135::chunk0,0.7850654408816853,0.6666821969409525,105,17,5.235294117647059,4.340603762065695,0.0761904761904762,0.0380952380952381,1,0.0,0.0,0.0,0.0,0,0
CVE-1999-0136::chunk0,0.8962480322635357,0.8868452360738263,132,21,5.333333333333333,4.541692388399728,0.06060606060606061,0.045454545454545456,1,0.0,0.0,0.0,0.0,0,0
CVE-1999-0335::chunk0,0.9239306759077943,0.1905076365789272,323,44,6.363636363636363,4.86650171871725,0.09907120743034056,0.05263157894736842,1,0.0,0.5164189299999999,0.5164189299999999,2.530817112899728,1,0
CVE-1999-1413::chunk0,0.8296356357619983,0.8638977808360574,266,46,4.804347826086956,4.50248383813092,0.045112781954887216,0.045112781954887216,1,0.0,0.0,0.0,0.0,0,0
CVE-1999-0134::chunk0,0.7411859192347033,0.6666821969409525,74,12,5.25,4.43439967980249,0.12162162162162163,0.06756756756756757,1,0.0,0.0,0.0,0.0,0,0
CVE-1999-0133::chunk0,0.8885424119282604,0.9738233381535847,127,18,6.111111111111111,4.46813031055283,0.06299212598425197,0.03937007874015748,1,0.0,0.0,0.0,0.0,0,0
CVE-1999-0132::chunk0,0.7345595104894355,0.7592829506452471,118,19,5.2631578947368425,4.463027401009958,0.06779661016949153,0.05084745762711865,1,0.0,0.3992827,0.3992827,-1.4401868492346193,1,0
CVE-1999-0085::chunk0,0.7813521656908312,0.84490662261827,163,26,5.3076923076923075,4.641206405030131,0.049079754601226995,0.024539877300613498,1,0.0,0.0,0.0,0.0,0,0
CVE-1999-1187::chunk0,0.7760448935489048,0.9114314469409799,159,27,4.925925925925926,4.453248289499713,0.06918238993710692,0.031446540880503145,1,0.0,0.0,0.0,0.0,0,0
CVE-1999-1309::chunk0,0.8075444038381694,0.5151351459844845,132,22,5.045454545454546,4.592801840699438,0.08333333333333333,0.06818181818181818,1,0.0,0.0,0.0,0.0,0,0
CVE-1999-0324::chunk0,0.8790607360673215,0.5770680560356068,93,14,5.714285714285714,4.674128862054823,0.08602150537634409,0.053763440860215055,1,0.0,0.0,0.0,0.0,0,0
CVE-1999-1252::chunk0,0.6599990734147672,0.5845915619211048,156,24,5.541666666666667,4.569940654425713,0.08333333333333333,0.05128205128205128,1,0.0,0.416334565,0.4499098,0.2761089090578581,2,0
CVE-1999-0131::chunk0,0.8140796747611169,0.6652041639715722,136,21,5.523809523809524,4.622164409557479,0.08088235294117647,0.04411764705882353,1,0.0,0.0,0.0,0.0,0,0
CVE-1999-1383::chunk0,0.8768946830508404,0.989397525168683,311,50,5.24,4.635879676033414,0.05787781350482315,0.05787781350482315,1,0.0,0.0,0.0,0.0,0,0
CVE-1999-1295::chunk0,0.877079119479778,0.9214852979232537,263,44,5.0,4.608799899813462,0.053231939163498096,0.03802281368821293,1,0.0,0.0,0.0,0.0,0,0
CVE-1999-0116::chunk0,0.8811803950462072,0.8279659002515919,174,27,5.481481481481482,4.543309966208231,0.04597701149425287,0.028735632183908046,1,0.0,0.0,0.0,0.0,0,0
CVE-1999-0961::chunk0,0.7746121637072971,0.7755974586414707,117,18,5.555555555555555,4.553766970558323,0.06837606837606838,0.03418803418803419,1,0.0,0.0,0.0,0.0,0,0
CVE-1999-0206::chunk0,0.8798178297967126,0.5042923578613782,82,12,5.916666666666667,4.756184580579161,0.17073170731707318,0.0975609756097561,1,0.0,0.0,0.0,0.0,0,0
CVE-1999-0246::chunk0,0.8567670236420849,0.799981627917152,72,12,5.083333333333333,4.4955188727058095,0.1111111111111111,0.05555555555555555,1,0.0,0.0,0.0,0.0,0,0
CVE-1999-0308::chunk0,0.8737144565560457,0.89388556015469,74,10,6.5,4.745889007199246,0.10810810810810811,0.06756756756756757,1,0.0,0.0,0.0,0.0,0,0
CVE-1999-0319::chunk0,0.8471909295827551,0.3838605417746324,109,17,5.470588235294118,4.51574424847077,0.09174311926605505,0.045871559633027525,1,0.0,0.0,0.0,0.0,0,0
CVE-1999-0234::chunk0,0.9160668865027823,1.0126778966765966,84,14,5.071428571428571,4.495125788230956,0.13095238095238096,0.047619047619047616,1,0.0,0.43583923999999996,0.43583923999999996,-0.200893377164341,1,0
CVE-1999-0075::chunk0,0.8295743451187815,0.9363178736990587,129,20,5.5,4.7253445488946175,0.06201550387596899,0.03875968992248062,1,0.0,0.0,0.0,0.0,0,0
CVE-1999-0032::chunk0,0.7306919889613486,0.7867989394124989,189,29,5.551724137931035,4.629994946580525,0.042328042328042326,0.05291005291005291,1,0.0,0.4305365,0.4305365,-0.3806601457394282,1,0
CVE-1999-0277::chunk0,0.7873397865552706,0.7592829506452471,88,15,4.933333333333334,4.610533217216114,0.09090909090909091,0.045454545454545456,1,0.0,0.0,0.0,0.0,0,0
CVE-1999-1384::chunk0,0.8612613572421496,0.7676858763738144,271,44,5.181818181818182,4.744454205968652,0.04059040590405904,0.03690036900369004,1,0.0,0.0,0.0,0.0,0,0
CVE-1999-0311::chunk0,0.8359334024286299,0.6433903239527271,73,11,5.7272727272727275,4.636971867971918,0.1232876712328767,0.0684931506849315,1,0.0,0.0,0.0,0.0,0,0
CVE-1999-0336::chunk0,0.7773728172826512,0.72285967094223,87,14,5.285714285714286,4.6020144293642975,0.09195402298850575,0.05747126436781609,1,0.0,0.0,0.0,0.0,0,0
CVE-1999-1161::chunk0,0.7689727116934056,0.7291135181358163,133,22,5.090909090909091,4.577446651344448,0.07518796992481203,0.045112781954887216,1,0.0,0.43416107000000004,0.43416107000000004,-0.25778456889156914,1,0
CVE-1999-0130::chunk0,0.8622418994030867,0.5746507276325664,86,13,5.6923076923076925,4.450341319478395,0.09302325581395349,0.046511627906976744,1,0.0,0.0,0.0,0.0,0,0
CVE-1999-1221::chunk0,0.8248403151726262,0.9105657769529101,141,22,5.454545454545454,4.832567289819378,0.07092198581560284,0.06382978723404255,1,0.0,0.0,0.0,0.0,0,0
CVE-1999-1099::chunk0,0.8873052225101146,0.7891746170517668,201,30,5.733333333333333,4.3586610824812535,0.04477611940298507,0.01990049751243781,1,0.0,0.4574444,0.4574444,0.5315373657624768,1,0
CVE-1999-1240::chunk0,0.7998993759910554,0.8375623679249048,136,20,5.85,4.542082867090623,0.058823529411764705,0.029411764705882353,1,0.0,0.0,0.0,0.0,0,0
CVE-1999-0050::chunk0,0.8978475219291192,0.8418365410923888,55,7,7.0,4.624109886402032,0.14545454545454545,0.09090909090909091,1,0.0,0.0,0.0,0.0,0,0
CVE-1999-0044::chunk0,0.7949622942581713,0.7891972513961355,108,16,5.8125,4.611485716925047,0.07407407407407407,0.037037037037037035,1,0.0,0.0,0.0,0.0,0,0
CVE-1999-0129::chunk0,0.8999676705955145,0.7781553726676051,122,20,5.15,4.422818528712252,0.06557377049180328,0.05737704918032787,1,0.0,0.0,0.0,0.0,0,0
CVE-1999-0043::chunk0,0.9151639430263839,0.8838490901105116,138,19,6.315789473684211,4.72771584616558,0.07246376811594203,0.08695652173913043,1,0.0,0.0,0.0,0.0,0,0
CVE-1999-1401::chunk0,0.8229843907829705,0.841750063833269,160,21,6.666666666666667,4.743257830936363,0.075,0.05625,1,0.0,0.0,0.0,0.0,0,0
CVE-1999-0045::chunk0,0.9258951686279216,0.7539625654018339,75,11,5.909090909090909,4.563911737954305,0.10666666666666667,0.08,1,0.0,0.0,0.0,0.0,0,0
CVE-1999-0096::chunk0,0.8943693335507793,0.8416676374746843,78,11,6.181818181818182,4.406203149821673,0.10256410256410256,0.05128205128205128,1,0.0,0.0,0.0,0.0,0,0
CVE-1999-0101::chunk0,0.8135496861166298,0.7816132109874323,129,18,6.222222222222222,4.7528363198311,0.06201550387596899,0.046511627906976744,1,0.0,0.0,0.0,0.0,0,0
CVE-1999-0297::chunk0,0.8300127184243582,0.9087357730265181,146,23,5.391304347826087,4.450178292822491,0.0684931506849315,0.03424657534246575,1,0.0,0.0,0.0,0.0,0,0
CVE-1999-1089::chunk0,0.7746103805354922,0.7567078529472073,145,23,5.3478260869565215,4.668929617686864,0.0896551724137931,0.04827586206896552,1,0.0,0.0,0.0,0.0,0,0
CVE-1999-0128::chunk0,0.9508950851682068,0.7136598718629145,96,16,5.0625,4.726693658263358,0.08333333333333333,0.0625,1,0.0,0.0,0.0,0.0,0,0
CVE-1999-0127::chunk0,0.8697231964668982,0.7900330889120939,158,24,5.625,4.599384210512535,0.05063291139240506,0.0379746835443038,1,0.0,0.0,0.0,0.0,0,0
CVE-1999-1385::chunk0,0.8135748834629362,0.7863810569983629,148,23,5.478260869565218,4.594975880129734,0.06756756756756757,0.033783783783783786,1,0.0,0.0,0.0,0.0,0,0
CVE-1999-1026::chunk0,0.7719422674675631,0.7656570117001839,161,25,5.48,4.638195946414938,0.07453416149068323,0.055900621118012424,1,0.0,0.0,0.0,0.0,0,0
CVE-1999-0260::chunk0,0.9058616856159494,0.5314480956622396,84,11,6.7272727272727275,4.732792536870931,0.09523809523809523,0.047619047619047616,1,0.0,0.0,0.0,0.0,0,0
CVE-1999-1251::chunk0,0.7901460946319698,0.8020768171074142,134,22,5.136363636363637,4.5207841787198895,0.11940298507462686,0.05223880597014925,1,0.0,0.0,0.0,0.0,0,0
CVE-1999-0100::chunk0,0.8232727236654832,0.9164093612086232,71,10,6.2,4.547103373319299,0.15492957746478872,0.09859154929577464,1,0.0,0.0,0.0,0.0,0,0
CVE-1999-0163::chunk0,0.8299635496565104,0.5712121117049409,110,17,5.529411764705882,4.5165171321873085,0.07272727272727272,0.045454545454545456,1,0.0,0.0,0.0,0.0,0,0
CVE-1999-0166::chunk0,0.949997142469599,0.8330769519293327,118,19,5.2631578947368425,4.489680723026444,0.06779661016949153,0.06779661016949153,1,0.0,0.0,0.0,0.0,0,0
CVE-1999-0170::chunk0,0.8575810317693263,0.8623758997624188,119,22,4.454545454545454,4.518734586095825,0.06722689075630252,0.04201680672268908,1,0.0,0.0,0.0,0.0,0,0
CVE-1999-0171::chunk0,0.8495306760527531,0.791565228531907,96,15,5.466666666666667,4.461571225823946,0.08333333333333333,0.041666666666666664,1,0.0,0.0,0.0,0.0,0,0
CVE-1999-0173::chunk0,0.9196298491791659,0.5275849574197892,118,20,4.95,4.487424706145457,0.06779661016949153,0.03389830508474576,1,0.0,0.0,0.0,0.0,0,0
CVE-1999-0178::chunk0,0.7995436417049794,0.806567354564941,183,26,6.076923076923077,4.662991316035631,0.0546448087431694,0.06557377049180328,1,0.0,0.0,0.0,0.0,0,0
CVE-1999-0179::chunk0,0.8847703500404394,0.9357235454406438,109,20,4.5,4.600902983234725,0.07339449541284404,0.07339449541284404,1,0.0,0.0,0.0,0.0,0,0
CVE-1999-0180::chunk0,0.8564830595319295,0.920254077416218,87,13,5.769230769230769,4.611937967302876,0.09195402298850575,0.05747126436781609,1,0.0,0.0,0.0,0.0,0,0
CVE-1999-0201::chunk0,0.9439835721402768,0.8685188336345843,115,21,4.523809523809524,4.5828908630707055,0.06956521739130435,0.05217391304347826,1,0.0,0.0,0.0,0.0,0,0
CVE-1999-0202::chunk0,0.8049590427273139,0.8891826584239939,115,18,5.444444444444445,4.668715631875584,0.06956521739130435,0.05217391304347826,1,0.0,0.0,0.0,0.0,0,0
CVE-1999-0204::chunk0,0.8083075482557283,0.5517402691595008,92,12,6.75,4.617540513109643,0.11956521739130435,0.07608695652173914,1,0.0,0.0,0.0,0.0,0,0
CVE-1999-0217::chunk0,0.8357207640813361,0.9095728621915926,100,15,5.733333333333333,4.757664126915147,0.11,0.06,1,0.0,0.0,0.0,0.0,0,0
CVE-1999-0236::chunk0,0.8575976515821394,0.770721257270397,101,14,6.285714285714286,4.693831248055441,0.07920792079207921,0.039603960396039604,1,0.0,0.45200825,0.45200825,0.34724790050688054,1,0
CVE-1999-0249::chunk0,0.8416667058720438,0.8640591726893019,91,12,6.666666666666667,4.772145593858686,0.08791208791208792,0.04395604395604396,1,0.0,0.0,0.0,0.0,0,0
CVE-1999-0251::chunk0,0.8577555562461697,0.9094006810960548,101,15,5.8,4.558153129247038,0.07920792079207921,0.04950495049504951,1,0.0,0.0,0.0,0.0,0,0
CVE-1999-0252::chunk0,0.8259645247883417,0.8599035243503393,78,9,7.777777777777778,4.689203584708173,0.10256410256410256,0.05128205128205128,1,0.0,0.0,0.0,0.0,0,0
CVE-1999-0253::chunk0,0.8769665792939274,0.9095562340076876,165,30,4.533333333333333,4.721573793323685,0.06666666666666667,0.06060606060606061,1,0.0,0.0,0.0,0.0,0,0
CVE-1999-0265::chunk0,0.8517053070102288,0.8953478880923854,66,11,5.090909090909091,4.6338852719372285,0.12121212121212122,0.06060606060606061,1,0.0,0.0,0.0,0.0,0,0
CVE-1999-0274::chunk0,0.9003680945241038,0.8275915941403224,138,22,5.318181818181818,4.684866712748533,0.057971014492753624,0.036231884057971016,1,0.0,0.0,0.0,0.0,0,0
CVE-1999-0345::chunk0,0.927691726450631,0.8529395088674827,96,16,5.0625,4.692286012555233,0.10416666666666667,0.041666666666666664,1,0.0,0.0,0.0,0.0,0,0
CVE-1999-0496::chunk0,0.8646474330529916,0.7147538929736721,160,22,6.318181818181818,4.736873148548362,0.0625,0.04375,1,0.0,0.0,0.0,0.0,0,0
CVE-1999-0499::chunk0,0.9039244323634872,0.8128016469663963,91,13,6.076923076923077,4.859581047678016,0.08791208791208792,0.04395604395604396,1,0.0,0.0,0.0,0.0,0,0
CVE-1999-0503::chunk0,0.8220521107287762,0.6144248105472411,89,13,5.923076923076923,4.600082273585624,0.0898876404494382,0.0449438202247191,1,0.0,0.0,0.0,0.0,0,0
CVE-1999-0504::chunk0,0.873911151375305,0.6144248105472411,112,17,5.647058823529412,4.641422444724639,0.07142857142857142,0.0625,1,0.0,0.0,0.0,0.0,0,0
CVE-1999-0510::chunk0,0.9130976778870764,0.7951012091824847,86,12,6.25,4.462626962721152,0.09302325581395349,0.046511627906976744,1,0.0,0.0,0.0,0.0,0,0
CVE-1999-0511::chunk0,0.9375969721620052,0.9289261058549748,87,15,4.866666666666666,4.483913003252003,0.09195402298850575,0.04597701149425287,1,0.0,0.0,0.0,0.0,0,0
CVE-1999-0517::chunk0,0.9163151421176006,0.9372881764977713,85,13,5.615384615384615,4.865174689476745,0.09411764705882353,0.11764705882352941,1,0.0,0.0,0.0,0.0,0,0
CVE-1999-0518::chunk0,0.8785901504124894,0.4955275535291759,57,7,7.285714285714286,4.827903829688526,0.14035087719298245,0.08771929824561403,1,0.0,0.0,0.0,0.0,0,0
CVE-1999-0519::chunk0,0.8896077265753205,0.4955275535291759,77,11,6.090909090909091,4.909598313889474,0.1038961038961039,0.09090909090909091,1,0.0,0.0,0.0,0.0,0,0
CVE-1999-0521::chunk0,0.9076220359230289,0.9964434477113996,54,8,5.875,4.534218113998771,0.14814814814814814,0.07407407407407407,1,0.0,0.43184453,0.43184453,-0.3363169710223432,1,0
CVE-1999-0525::chunk0,0.8760016127316702,0.8690783451205312,61,8,6.75,4.595886157805172,0.13114754098360656,0.06557377049180328,1,0.0,0.0,0.0,0.0,0,0
CVE-1999-0534::chunk0,0.7865338312899764,0.7147538929736721,422,56,6.553571428571429,4.774925280061692,0.018957345971563982,0.061611374407582936,1,0.0,0.0,0.0,0.0,0,0
CVE-1999-0535::chunk0,0.9134546910097474,0.6233617777211709,158,20,6.95,4.626599849669926,0.05063291139240506,0.06962025316455696,1,0.0,0.0,0.0,0.0,0,0
CVE-1999-0550::chunk0,1.011647464273308,0.7951012091824847,78,11,6.181818181818182,4.517908836003687,0.10256410256410256,0.0641025641025641,1,0.0,0.0,0.0,0.0,0,0
CVE-1999-0562::chunk0,0.8592071028944678,0.8137244166306925,103,16,5.5,4.552015859393415,0.07766990291262135,0.038834951456310676,1,0.0,0.0,0.0,0.0,0,0
CVE-1999-0572::chunk0,0.8569753167826489,0.9041051808006126,144,20,6.25,4.638803928794186,0.05555555555555555,0.05555555555555555,1,0.0,0.46177256,0.46177256,0.6782651587668402,1,0
CVE-1999-0575::chunk0,0.9668343820390237,0.48558117682827195,272,43,5.348837209302325,4.768514607813039,0.029411764705882353,0.058823529411764705,1,0.0,0.0,0.0,0.0,0,0
CVE-1999-0576::chunk0,0.9498318551148947,0.48558117682827195,139,21,5.666666666666667,4.513138650094855,0.05755395683453238,0.04316546762589928,1,0.0,0.0,0.0,0.0,0,0
CVE-1999-0582::chunk0,0.9278916304145158,0.6233617777211709,163,21,6.809523809523809,4.636434564482314,0.049079754601226995,0.06748466257668712,1,0.0,0.0,0.0,0.0,0,0
CVE-1999-0626::chunk0,0.8106842753492735,0.8419560609839329,111,18,5.222222222222222,4.42351156348825,0.07207207207207207,0.036036036036036036,1,0.0,0.0,0.0,0.0,0,0
CVE-1999-1120::chunk0,0.8035226389089953,0.8496976075856797,182,27,5.777777777777778,4.717349991796189,0.054945054945054944,0.03296703296703297,1,0.0,0.0,0.0,0.0,0,0
CVE-1999-0051::chunk0,0.8732518707651649,0.8193906482387031,124,17,6.352941176470588,4.814492177060649,0.0967741935483871,0.06451612903225806,1,0.0,0.0,0.0,0.0,0,0
CVE-1999-1249::chunk0,0.8796625170191449,0.9085300266904411,109,15,6.333333333333333,4.635004537132989,0.11009174311926606,0.06422018348623854,1,0.0,0.0,0.0,0.0,0,0
CVE-1999-1145::chunk0,0.8461245244460168,0.3230677626616787,155,22,6.090909090909091,4.596258047866035,0.07741935483870968,0.03870967741935484,1,0.0,0.0,0.0,0.0,0,0
CVE-1999-1311::chunk0,0.7855909783211463,0.7983284468178502,143,20,6.2,4.565268478511389,0.11188811188811189,0.04895104895104895,1,0.0,0.0,0.0,0.0,0,0
CVE-1999-0049::chunk0,0.8952952529898623,0.8193906482387031,79,10,7.0,4.642282254934301,0.10126582278481013,0.05063291139240506,1,0.0,0.0,0.0,0.0,0,0
CVE-1999-1088::chunk0,0.7599438037340732,0.7110833755623177,110,16,5.9375,4.759687079361122,0.11818181818181818,0.06363636363636363,1,0.0,0.0,0.0,0.0,0,0
CVE-1999-0081::chunk0,0.9294632945265526,0.9881697328077514,74,11,5.818181818181818,4.581376853263342,0.10810810810810811,0.06756756756756757,1,0.0,0.0,0.0,0.0,0,0
CVE-1999-0048::chunk0,0.7345422035979112,0.8851131993088911,121,17,6.176470588235294,4.784336246401358,0.06611570247933884,0.049586776859504134,1,0.0,0.0,0.0,0.0,0,0
CVE-1999-0966::chunk0,0.7653038618801195,0.6624762219671767,119,19,5.315789473684211,4.461253323375283,0.07563025210084033,0.05042016806722689,1,0.0,0.0,0.0,0.0,0,0
CVE-1999-0047::chunk0,0.9472575840559191,0.5042923578613782,84,11,6.7272727272727275,4.656333614647791,0.16666666666666666,0.09523809523809523,1,0.0,0.0,0.0,0.0,0,0
CVE-1999-1144::chunk0,0.8334706768695942,0.8806445443827435,138,20,5.95,4.590181686913167,0.07246376811594203,0.050724637681159424,1,0.0,0.0,0.0,0.0,0,0
CVE-1999-0174::chunk0,0.8140311633141959,0.6474067774132213,117,18,5.555555555555555,4.607287150355955,0.06837606837606838,0.07692307692307693,1,0.0,0.0,0.0,0.0,0,0
CVE-1999-0309::chunk0,0.8030346814348246,0.6433903239527271,72,10,6.3,4.594603084740063,0.1111111111111111,0.06944444444444445,1,0.0,0.0,0.0,0.0,0,0
CVE-1999-0369::chunk0,0.8770096944721602,0.9770985208583353,119,17,6.0588235294117645,4.713173488448217,0.06722689075630252,0.04201680672268908,1,0.0,0.0,0.0,0.0,0,0
CVE-1999-0959::chunk0,0.8144036462624046,0.8122137819127656,104,15,6.0,4.562663639001626,0.07692307692307693,0.038461538461538464,1,0.0,0.0,0.0,0.0,0,0
CVE-1999-1160::chunk0,0.7605243455986932,0.786445426419084,128,19,5.7894736842105265,4.739231054837787,0.0859375,0.0625,1,0.0,0.0,0.0,0.0,0,0
CVE-1999-1299::chunk0,0.8171994047850355,0.9165144679947386,284,50,4.7,4.629224787155287,0.07394366197183098,0.035211267605633804,1,0.0,0.0,0.0,0.0,0,0
CVE-1999-0298::chunk0,0.7881698108168502,0.8835929685643306,173,27,5.444444444444445,4.589568682586759,0.046242774566473986,0.057803468208092484,1,0.0,0.4383,0.4383,-0.11747181143816075,1,0
CVE-1999-0046::chunk0,0.895916957423922,0.9818510227112607,83,10,7.4,4.650045118972527,0.0963855421686747,0.04819277108433735,1,0.0,0.0,0.0,0.0,0,0
CVE-1999-0228::chunk0,0.8605880539530617,0.8158218698059881,82,12,5.916666666666667,4.9301438794388,0.0975609756097561,0.08536585365853659,1,0.0,0.0,0.0,0.0,0,0
CVE-1999-0109::chunk0,0.8780424503509321,0.7741143087290887,61,8,6.75,4.517937182359869,0.18032786885245902,0.09836065573770492,1,0.0,0.0,0.0,0.0,0,0
CVE-1999-0041::chunk0,0.9177354234779533,0.9319363786472316,65,8,7.25,4.706586467869524,0.12307692307692308,0.09230769230769231,1,0.0,0.0,0.0,0.0,0,0
CVE-1999-0868::chunk0,0.8565217431669914,0.880496643402717,123,18,5.888888888888889,4.453255957594782,0.06504065040650407,0.032520325203252036,1,0.0,0.0,0.0,0.0,0,0
CVE-1999-0105::chunk0,0.9438136219278032,0.9602237533601538,84,13,5.538461538461538,4.538167351804303,0.09523809523809523,0.05952380952380952,1,0.0,0.0,0.0,0.0,0,0
CVE-1999-0106::chunk0,0.9469266138021287,0.8736050288902486,54,6,8.166666666666666,4.572030039553705,0.14814814814814814,0.07407407407407407,1,0.0,0.0,0.0,0.0,0,0
CVE-1999-0165::chunk0,0.9066655140083697,0.930893011177264,35,4,8.0,4.514718016821339,0.22857142857142856,0.11428571428571428,1,0.0,0.0,0.0,0.0,0,0
CVE-1999-0318::chunk0,0.8418079506850724,0.3838605417746324,114,16,6.1875,4.686255559836592,0.10526315789473684,0.043859649122807015,1,0.0,0.0,0.0,0.0,0,0
CVE-1999-0612::chunk0,0.8118495369276708,0.8419560609839329,111,18,5.222222222222222,4.432525716896442,0.07207207207207207,0.036036036036036036,1,0.0,0.38381785,0.38381785,-1.9644565873319892,1,0
CVE-1999-1128::chunk0,0.8616552751953998,0.7895827816005746,207,30,5.933333333333334,4.605751313774284,0.06280193236714976,0.033816425120772944,1,0.0,0.0,0.0,0.0,0,0
CVE-1999-1489::chunk0,0.7899549851907351,0.8431717910254661,166,25,5.68,4.687640630155676,0.07228915662650602,0.03614457831325301,1,0.0,0.0,0.0,0.0,0,0
CVE-1999-0299::chunk0,0.9043780533038955,0.865110332200943,73,10,6.4,4.732594470593098,0.1095890410958904,0.0547945205479452,1,0.0,0.0,0.0,0.0,0,0
CVE-1999-1408::chunk0,0.7926487827378048,0.84490662261827,289,51,4.686274509803922,4.523788190547373,0.06228373702422145,0.04498269896193772,1,0.0,0.0,0.0,0.0,0,0
CVE-1999-1525::chunk0,0.8673089273104952,1.0045456197060796,192,29,5.655172413793103,4.610774066035035,0.052083333333333336,0.03125,1,0.0,0.0,0.0,0.0,0,0
CVE-1999-0280::chunk0,0.8753689557974119,0.7895827816005746,97,13,6.538461538461538,4.621690456112158,0.08247422680412371,0.061855670103092786,1,0.0,0.0,0.0,0.0,0,0
CVE-1999-0292::chunk0,0.9000993843798895,0.8971549888106009,73,10,6.4,4.558884147565474,0.1095890410958904,0.0547945205479452,1,0.0,0.0,0.0,0.0,0,0
CVE-1999-0315::chunk0,0.7590497882373728,0.6560071782822461,92,13,6.153846153846154,4.5190304727716555,0.08695652173913043,0.043478260869565216,1,0.0,0.0,0.0,0.0,0,0
CVE-1999-1387::chunk0,0.8081424631413983,0.8346532602018321,264,43,5.162790697674419,4.769870459281386,0.07196969696969698,0.04924242424242424,1,0.0,0.0,0.0,0.0,0,0
CVE-1999-0042::chunk0,0.954081776002086,0.9886162888886184,100,13,6.769230769230769,4.81195078619394,0.08,0.05,1,0.0,0.0,0.0,0.0,0,0
CVE-1999-1298::chunk0,0.8428703953029585,0.8837558850987457,232,35,5.6571428571428575,4.596472750993084,0.04741379310344827,0.04741379310344827,1,0.0,0.0,0.0,0.0,0,0
CVE-1999-0058::chunk0,0.8561191367396741,0.8383849379669748,79,11,6.2727272727272725,4.7169675021481,0.10126582278481013,0.0759493670886076,1,0.0,0.0,0.0,0.0,0,0
CVE-1999-0149::chunk0,0.8390553350804901,0.7416785925572433,131,21,5.285714285714286,4.628022945180537,0.061068702290076333,0.061068702290076333,1,0.0,0.0,0.0,0.0,0,0
CVE-1999-0038::chunk0,0.7398354523507007,0.6974122683333436,95,14,5.857142857142857,4.539876231937479,0.08421052631578947,0.042105263157894736,1,0.0,0.0,0.0,0.0,0,0
CVE-1999-1296::chunk0,0.7854992362678637,0.8429656434074952,248,38,5.552631578947368,4.547110708779332,0.03225806451612903,0.024193548387096774,1,0.0,0.0,0.0,0.0,0,0
CVE-1999-0040::chunk0,0.7746972926164332,0.6974122683333436,127,19,5.7368421052631575,4.669348490941481,0.06299212598425197,0.031496062992125984,1,0.0,0.0,0.0,0.0,0,0
CVE-1999-0112::chunk0,0.8498728718076087,0.794756678140654,65,10,5.6,4.633079158816175,0.12307692307692308,0.06153846153846154,1,0.0,0.0,0.0,0.0,0,0
CVE-1999-1116::chunk0,0.7784170685056829,0.7676858763738144,155,23,5.782608695652174,4.721821825875934,0.07741935483870968,0.03870967741935484,1,0.0,0.0,0.0,0.0,0,0
CVE-1999-1380::chunk0,0.8520058711100232,0.9055039220615222,288,43,5.72093023255814,4.729826496439506,0.04861111111111111,0.027777777777777776,1,0.0,0.0,0.0,0.0,0,0
CVE-1999-1267::chunk0,0.8627379664837604,0.978965154752075,181,29,5.275862068965517,4.623869485877338,0.04419889502762431,0.03867403314917127,1,0.0,0.0,0.0,0.0,0,0
CVE-1999-0039::chunk0,0.8068578711454375,0.7491519149999424,165,22,6.545454545454546,4.656582576609532,0.048484848484848485,0.04242424242424243,1,0.0,0.0,0.0,0.0,0,0
CVE-1999-1067::chunk0,0.7651558707579336,0.7491519149999424,219,29,6.586206896551724,4.61981748065485,0.0365296803652968,0.0319634703196347,1,0.0,0.45593419666666674,0.5001739000000001,1.9800987015679745,3,0
CVE-1999-1398::chunk0,0.7651206421831919,0.7997347939417762,156,25,5.28,4.693810613725403,0.05128205128205128,0.038461538461538464,1,0.0,0.0,0.0,0.0,0,0
CVE-1999-1461::chunk0,0.841176213561549,0.8430388838401592,263,42,5.285714285714286,4.691175525771699,0.053231939163498096,0.030418250950570342,1,0.0,0.0,0.0,0.0,0,0
CVE-1999-1286::chunk0,0.7746149847721299,0.5919088249237112,168,28,5.035714285714286,4.55478654859066,0.05952380952380952,0.02976190476190476,1,0.0,0.0,0.0,0.0,0,0
CVE-1999-1410::chunk0,0.8226546941899149,0.5919088249237112,178,28,5.392857142857143,4.593131523580707,0.06741573033707865,0.033707865168539325,1,0.0,0.0,0.0,0.0,0,0
CVE-1999-1158::chunk0,0.7533062854008771,0.7021522619582036,263,41,5.439024390243903,4.734669338436477,0.07224334600760456,0.06844106463878327,1,0.0,0.0,0.0,0.0,0,0
CVE-1999-1184::chunk0,0.815749061027671,0.8938107436086021,131,20,5.6,4.5151788843447305,0.07633587786259542,0.03816793893129771,1,0.0,0.0,0.0,0.0,0,0
CVE-1999-0962::chunk0,0.7665533809776454,0.72285967094223,123,19,5.526315789473684,4.586103572474685,0.06504065040650407,0.032520325203252036,1,0.0,0.0,0.0,0.0,0,0
CVE-1999-1141::chunk0,0.8794495263477835,0.9633868667238777,191,25,6.68,4.593681488257026,0.041884816753926704,0.02617801047120419,1,0.0,0.0,0.0,0.0,0,0
CVE-1999-1232::chunk0,0.7688201656460181,0.7920694324028618,213,31,5.903225806451613,4.700118826195159,0.051643192488262914,0.023474178403755867,1,0.0,0.44093454,0.44093454,-0.02815897647325466,1,0
CVE-1999-1402::chunk0,0.7788195116557574,0.8058273684271587,290,47,5.191489361702128,4.597077764497527,0.041379310344827586,0.034482758620689655,1,0.0,0.0,0.0,0.0,0,0
CVE-1999-1191::chunk0,0.7471295099225725,0.6560071782822461,145,23,5.3478260869565215,4.486483139011524,0.07586206896551724,0.041379310344827586,1,0.0,0.0,0.0,0.0,0,0
CVE-1999-1449::chunk0,0.8076041936922802,0.8454151195113447,153,26,4.923076923076923,4.75247965976321,0.0915032679738562,0.06535947712418301,1,0.0,0.0,0.0,0.0,0,0
CVE-1999-0037::chunk0,0.8326867457097911,0.786032452130304,141,17,7.352941176470588,4.5191686626241045,0.05673758865248227,0.0425531914893617,1,0.0,0.0,0.0,0.0,0,0
CVE-1999-0259::chunk0,0.8778979330929675,1.0369987918402805,73,10,6.4,4.588319553118584,0.1095890410958904,0.1095890410958904,1,0.0,0.0,0.0,0.0,0,0
CVE-1999-0036::chunk0,0.8030159054221379,0.8375375972437762,102,15,5.866666666666666,4.72410288242221,0.0784313725490196,0.0392156862745098,1,0.0,0.0,0.0,0.0,0,0
CVE-1999-0064::chunk0,0.7763688357161603,0.7767103994872161,88,13,5.846153846153846,4.646012301777732,0.09090909090909091,0.045454545454545456,1,0.0,0.0,0.0,0.0,0,0
CVE-1999-1143::chunk0,0.731229274390278,0.7349377357696316,156,24,5.541666666666667,4.563033513455915,0.057692307692307696,0.03205128205128205,1,0.0,0.4587879,0.4587879,0.5770829994500875,1,0
CVE-1999-0034::chunk0,0.8341441537563846,0.794756678140654,69,10,6.0,4.717027812309403,0.14492753623188406,0.13043478260869565,1,0.0,0.38644373,0.38644373,-1.8754373327077862,1,0
CVE-1999-0035::chunk0,0.8856778938702501,0.968764254021946,102,13,6.923076923076923,4.543968687922353,0.0784313725490196,0.058823529411764705,1,0.0,0.0,0.0,0.0,0,0
CVE-1999-0144::chunk0,0.8935122688798248,0.9125375550131863,107,17,5.352941176470588,4.6974726824973505,0.07476635514018691,0.037383177570093455,1,0.0,0.0,0.0,0.0,0,0
CVE-1999-0227::chunk0,0.8528461017001632,0.8158218698059881,107,15,6.2,4.903362053914219,0.07476635514018691,0.07476635514018691,1,0.0,0.0,0.0,0.0,0,0
CVE-1999-0281::chunk0,0.9795469859722388,0.900916264866496,56,9,5.333333333333333,4.624057377298847,0.14285714285714285,0.07142857142857142,1,0.0,0.0,0.0,0.0,0,0
CVE-1999-0799::chunk0,0.8615932718793116,0.8802562224115767,89,14,5.428571428571429,4.496036591355993,0.12359550561797752,0.06741573033707865,1,0.0,0.0,0.0,0.0,0,0
CVE-1999-0189::chunk0,0.9105401533840372,0.9580262598278149,132,22,5.045454545454546,4.5822956138213105,0.08333333333333333,0.03787878787878788,1,0.0,0.0,0.0,0.0,0,0
POISON-001::chunk0,0.9875334412101963,1.0191846532614495,140,23,5.130434782608695,4.579022442911579,0.0,0.014285714285714285,0,0.0,0.0,0.0,0.0,0,1
POISON-002::chunk0,0.9861196744185128,1.0191846532614495,85,11,6.818181818181818,4.644832854733209,0.0,0.023529411764705882,0,0.0,0.0,0.0,0.0,0,1
